{
    "total_life_force": 4855763.410500509,
    "last_yield": 4081.858371846203,
    "last_harvest_timestamp": 1775231851.5910485
}